variant,key_bits,value_bits,target_load,capacity,inserted,payload_bytes,memory_bytes,actual_load,space_efficiency,memory_mb
chained-tpht,32,8,0.05,4000000,200000,1000000,21103236,0.050000,0.047386,20.13
chained-tpht,32,8,0.10,2000000,200000,1000000,10551814,0.100000,0.094770,10.06
chained-tpht,32,8,0.15,1333334,200000,1000000,7734064,0.150000,0.129298,7.38
chained-tpht,32,8,0.20,1000000,200000,1000000,5276358,0.200000,0.189525,5.03
chained-tpht,32,8,0.25,800000,200000,1000000,4430778,0.250000,0.225694,4.23
chained-tpht,32,8,0.30,666667,200000,1000000,3867228,0.300000,0.258583,3.69
chained-tpht,32,8,0.35,571429,200000,1000000,3464838,0.350000,0.288614,3.30
chained-tpht,32,8,0.40,500000,200000,1000000,2638630,0.400000,0.378985,2.52
chained-tpht,32,8,0.45,444445,200000,1000000,2403520,0.449999,0.416056,2.29
chained-tpht,32,8,0.50,400000,200000,1000000,2215840,0.500000,0.451296,2.11
chained-tpht,32,8,0.55,363637,200000,1000000,2061820,0.549999,0.485008,1.97
chained-tpht,32,8,0.60,333334,200000,1000000,1933810,0.599999,0.517114,1.84
chained-tpht,32,8,0.65,307693,200000,1000000,1825690,0.649999,0.547738,1.74
chained-tpht,32,8,0.70,285715,200000,1000000,1732870,0.699998,0.577077,1.65
chained-tpht,32,8,0.75,266667,200000,1000000,1652290,0.749999,0.605221,1.58
chained-tpht,32,8,0.80,250000,200000,1000000,1319766,0.800000,0.757710,1.26
chained-tpht,32,8,0.85,235295,200000,1000000,1257546,0.849997,0.795200,1.20
chained-tpht,32,8,0.90,222223,200000,1000000,1201956,0.899997,0.831977,1.15
chained-tpht,32,8,0.95,210527,200000,1000000,1152486,0.949997,0.867689,1.10
chained-tpht,32,8,0.99,202021,200000,1000000,1116786,0.989996,0.895427,1.07
chained-tpht,32,16,0.05,4000000,200000,1200000,25313794,0.050000,0.047405,24.14
chained-tpht,32,16,0.10,2000000,200000,1200000,12657093,0.100000,0.094808,12.07
chained-tpht,32,16,0.15,1333334,200000,1200000,9137668,0.150000,0.131325,8.71
chained-tpht,32,16,0.20,1000000,200000,1200000,6329061,0.200000,0.189602,6.04
chained-tpht,32,16,0.25,800000,200000,1200000,5272915,0.250000,0.227578,5.03
chained-tpht,32,16,0.30,666667,200000,1200000,4569030,0.300000,0.262638,4.36
chained-tpht,32,16,0.35,571429,200000,1200000,4066437,0.350000,0.295099,3.88
chained-tpht,32,16,0.40,500000,200000,1200000,3165045,0.400000,0.379142,3.02
chained-tpht,32,16,0.45,444445,200000,1200000,2871388,0.449999,0.417916,2.74
chained-tpht,32,16,0.50,400000,200000,1200000,2636972,0.500000,0.455067,2.51
chained-tpht,32,16,0.55,363637,200000,1200000,2444598,0.549999,0.490878,2.33
chained-tpht,32,16,0.60,333334,200000,1200000,2284711,0.599999,0.525231,2.18
chained-tpht,32,16,0.65,307693,200000,1200000,2149667,0.649999,0.558226,2.05
chained-tpht,32,16,0.70,285715,200000,1200000,2033733,0.699998,0.590048,1.94
chained-tpht,32,16,0.75,266667,200000,1200000,1933087,0.749999,0.620769,1.84
chained-tpht,32,16,0.80,250000,200000,1200000,1583037,0.800000,0.758037,1.51
chained-tpht,32,16,0.85,235295,200000,1200000,1505323,0.849997,0.797171,1.44
chained-tpht,32,16,0.90,222223,200000,1200000,1435890,0.899997,0.835719,1.37
chained-tpht,32,16,0.95,210527,200000,1200000,1374101,0.949997,0.873298,1.31
chained-tpht,32,16,0.99,202021,200000,1200000,1329511,0.989996,0.902587,1.27
chained-tpht,32,32,0.05,4000000,200000,1600000,33734910,0.050000,0.047429,32.17
chained-tpht,32,32,0.10,2000000,200000,1600000,16867651,0.100000,0.094856,16.09
chained-tpht,32,32,0.15,1333334,200000,1600000,11944876,0.150000,0.133949,11.39
chained-tpht,32,32,0.20,1000000,200000,1600000,8434467,0.200000,0.189698,8.04
chained-tpht,32,32,0.25,800000,200000,1600000,6957189,0.250000,0.229978,6.63
chained-tpht,32,32,0.30,666667,200000,1600000,5972634,0.300000,0.267889,5.70
chained-tpht,32,32,0.35,571429,200000,1600000,5269635,0.350000,0.303626,5.03
chained-tpht,32,32,0.40,500000,200000,1600000,4217875,0.400000,0.379338,4.02
chained-tpht,32,32,0.45,444445,200000,1600000,3807124,0.449999,0.420265,3.63
chained-tpht,32,32,0.50,400000,200000,1600000,3479236,0.500000,0.459871,3.32
chained-tpht,32,32,0.55,363637,200000,1600000,3210154,0.549999,0.498418,3.06
chained-tpht,32,32,0.60,333334,200000,1600000,2986513,0.599999,0.535742,2.85
chained-tpht,32,32,0.65,307693,200000,1600000,2797621,0.649999,0.571914,2.67
chained-tpht,32,32,0.70,285715,200000,1600000,2635459,0.699998,0.607105,2.51
chained-tpht,32,32,0.75,266667,200000,1600000,2494681,0.749999,0.641365,2.38
chained-tpht,32,32,0.80,250000,200000,1600000,2109579,0.800000,0.758445,2.01
chained-tpht,32,32,0.85,235295,200000,1600000,2000877,0.849997,0.799649,1.91
chained-tpht,32,32,0.90,222223,200000,1600000,1903758,0.899997,0.840443,1.82
chained-tpht,32,32,0.95,210527,200000,1600000,1817331,0.949997,0.880412,1.73
chained-tpht,32,32,0.99,202021,200000,1600000,1754961,0.989996,0.911701,1.67
chained-tpht,32,64,0.05,4000000,200000,2400000,50577142,0.050000,0.047452,48.23
chained-tpht,32,64,0.10,2000000,200000,2400000,25288767,0.100000,0.094904,24.12
chained-tpht,32,64,0.15,1333334,200000,2400000,17559292,0.150000,0.136680,16.75
chained-tpht,32,64,0.20,1000000,200000,2400000,12645279,0.200000,0.189794,12.06
chained-tpht,32,64,0.25,800000,200000,2400000,10325737,0.250000,0.232429,9.85
chained-tpht,32,64,0.30,666667,200000,2400000,8779842,0.300000,0.273353,8.37
chained-tpht,32,64,0.35,571429,200000,2400000,7676031,0.350000,0.312662,7.32
chained-tpht,32,64,0.40,500000,200000,2400000,6323535,0.400000,0.379535,6.03
chained-tpht,32,64,0.45,444445,200000,2400000,5678596,0.449999,0.422640,5.42
chained-tpht,32,64,0.50,400000,200000,2400000,5163764,0.500000,0.464777,4.92
chained-tpht,32,64,0.55,363637,200000,2400000,4741266,0.549999,0.506194,4.52
chained-tpht,32,64,0.60,333334,200000,2400000,4390117,0.599999,0.546682,4.19
chained-tpht,32,64,0.65,307693,200000,2400000,4093529,0.649999,0.586291,3.90
chained-tpht,32,64,0.70,285715,200000,2400000,3838911,0.699998,0.625177,3.66
chained-tpht,32,64,0.75,266667,200000,2400000,3617869,0.749999,0.663374,3.45
chained-tpht,32,64,0.80,250000,200000,2400000,3162663,0.800000,0.758854,3.02
chained-tpht,32,64,0.85,235295,200000,2400000,2991985,0.849997,0.802143,2.85
chained-tpht,32,64,0.90,222223,200000,2400000,2839494,0.899997,0.845221,2.71
chained-tpht,32,64,0.95,210527,200000,2400000,2703791,0.949997,0.887643,2.58
chained-tpht,32,64,0.99,202021,200000,2400000,2605861,0.989996,0.921001,2.49
chained-tpht,64,8,0.05,4000000,200000,1800000,37945468,0.050000,0.047436,36.19
chained-tpht,64,8,0.10,2000000,200000,1800000,18972930,0.100000,0.094872,18.09
chained-tpht,64,8,0.15,1333334,200000,1800000,13348480,0.150000,0.134847,12.73
chained-tpht,64,8,0.20,1000000,200000,1800000,9487170,0.200000,0.189730,9.05
chained-tpht,64,8,0.25,800000,200000,1800000,7799326,0.250000,0.230789,7.44
chained-tpht,64,8,0.30,666667,200000,1800000,6674436,0.300000,0.269686,6.37
chained-tpht,64,8,0.35,571429,200000,1800000,5871234,0.350000,0.306580,5.60
chained-tpht,64,8,0.40,500000,200000,1800000,4744290,0.400000,0.379403,4.52
chained-tpht,64,8,0.45,444445,200000,1800000,4274992,0.449999,0.421053,4.08
chained-tpht,64,8,0.50,400000,200000,1800000,3900368,0.500000,0.461495,3.72
chained-tpht,64,8,0.55,363637,200000,1800000,3592932,0.549999,0.500984,3.43
chained-tpht,64,8,0.60,333334,200000,1800000,3337414,0.599999,0.539340,3.18
chained-tpht,64,8,0.65,307693,200000,1800000,3121598,0.649999,0.576628,2.98
chained-tpht,64,8,0.70,285715,200000,1800000,2936322,0.699998,0.613012,2.80
chained-tpht,64,8,0.75,266667,200000,1800000,2775478,0.749999,0.648537,2.65
chained-tpht,64,8,0.80,250000,200000,1800000,2372850,0.800000,0.758581,2.26
chained-tpht,64,8,0.85,235295,200000,1800000,2248654,0.849997,0.800479,2.14
chained-tpht,64,8,0.90,222223,200000,1800000,2137692,0.899997,0.842030,2.04
chained-tpht,64,8,0.95,210527,200000,1800000,2038946,0.949997,0.882809,1.94
chained-tpht,64,8,0.99,202021,200000,1800000,1967686,0.989996,0.914780,1.88
chained-tpht,64,16,0.05,4000000,200000,2000000,42156026,0.050000,0.047443,40.20
chained-tpht,64,16,0.10,2000000,200000,2000000,21078209,0.100000,0.094885,20.10
chained-tpht,64,16,0.15,1333334,200000,2000000,14752084,0.150000,0.135574,14.07
chained-tpht,64,16,0.20,1000000,200000,2000000,10539873,0.200000,0.189756,10.05
chained-tpht,64,16,0.25,800000,200000,2000000,8641463,0.250000,0.231442,8.24
chained-tpht,64,16,0.30,666667,200000,2000000,7376238,0.300000,0.271141,7.03
chained-tpht,64,16,0.35,571429,200000,2000000,6472833,0.350000,0.308984,6.17
chained-tpht,64,16,0.40,500000,200000,2000000,5270705,0.400000,0.379456,5.03
chained-tpht,64,16,0.45,444445,200000,2000000,4742860,0.449999,0.421686,4.52
chained-tpht,64,16,0.50,400000,200000,2000000,4321500,0.500000,0.462802,4.12
chained-tpht,64,16,0.55,363637,200000,2000000,3975710,0.549999,0.503055,3.79
chained-tpht,64,16,0.60,333334,200000,2000000,3688315,0.599999,0.542253,3.52
chained-tpht,64,16,0.65,307693,200000,2000000,3445575,0.649999,0.580455,3.29
chained-tpht,64,16,0.70,285715,200000,2000000,3237185,0.699998,0.617821,3.09
chained-tpht,64,16,0.75,266667,200000,2000000,3056275,0.749999,0.654391,2.91
chained-tpht,64,16,0.80,250000,200000,2000000,2636121,0.800000,0.758691,2.51
chained-tpht,64,16,0.85,235295,200000,2000000,2496431,0.849997,0.801144,2.38
chained-tpht,64,16,0.90,222223,200000,2000000,2371626,0.899997,0.843303,2.26
chained-tpht,64,16,0.95,210527,200000,2000000,2260561,0.949997,0.884736,2.16
chained-tpht,64,16,0.99,202021,200000,2000000,2180411,0.989996,0.917258,2.08
chained-tpht,64,32,0.05,4000000,200000,2400000,50577142,0.050000,0.047452,48.23
chained-tpht,64,32,0.10,2000000,200000,2400000,25288767,0.100000,0.094904,24.12
chained-tpht,64,32,0.15,1333334,200000,2400000,17559292,0.150000,0.136680,16.75
chained-tpht,64,32,0.20,1000000,200000,2400000,12645279,0.200000,0.189794,12.06
chained-tpht,64,32,0.25,800000,200000,2400000,10325737,0.250000,0.232429,9.85
chained-tpht,64,32,0.30,666667,200000,2400000,8779842,0.300000,0.273353,8.37
chained-tpht,64,32,0.35,571429,200000,2400000,7676031,0.350000,0.312662,7.32
chained-tpht,64,32,0.40,500000,200000,2400000,6323535,0.400000,0.379535,6.03
chained-tpht,64,32,0.45,444445,200000,2400000,5678596,0.449999,0.422640,5.42
chained-tpht,64,32,0.50,400000,200000,2400000,5163764,0.500000,0.464777,4.92
chained-tpht,64,32,0.55,363637,200000,2400000,4741266,0.549999,0.506194,4.52
chained-tpht,64,32,0.60,333334,200000,2400000,4390117,0.599999,0.546682,4.19
chained-tpht,64,32,0.65,307693,200000,2400000,4093529,0.649999,0.586291,3.90
chained-tpht,64,32,0.70,285715,200000,2400000,3838911,0.699998,0.625177,3.66
chained-tpht,64,32,0.75,266667,200000,2400000,3617869,0.749999,0.663374,3.45
chained-tpht,64,32,0.80,250000,200000,2400000,3162663,0.800000,0.758854,3.02
chained-tpht,64,32,0.85,235295,200000,2400000,2991985,0.849997,0.802143,2.85
chained-tpht,64,32,0.90,222223,200000,2400000,2839494,0.899997,0.845221,2.71
chained-tpht,64,32,0.95,210527,200000,2400000,2703791,0.949997,0.887643,2.58
chained-tpht,64,32,0.99,202021,200000,2400000,2605861,0.989996,0.921001,2.49
chained-tpht,64,64,0.05,4000000,200000,3200000,67419374,0.050000,0.047464,64.30
chained-tpht,64,64,0.10,2000000,200000,3200000,33709883,0.100000,0.094928,32.15
chained-tpht,64,64,0.15,1333334,200000,3200000,23173708,0.150000,0.138088,22.10
chained-tpht,64,64,0.20,1000000,200000,3200000,16856091,0.200000,0.189842,16.08
chained-tpht,64,64,0.25,800000,200000,3200000,13694285,0.250000,0.233674,13.06
chained-tpht,64,64,0.30,666667,200000,3200000,11587050,0.300000,0.276170,11.05
chained-tpht,64,64,0.35,571429,200000,3200000,10082427,0.350000,0.317384,9.62
chained-tpht,64,64,0.40,500000,200000,3200000,8429195,0.400000,0.379633,8.04
chained-tpht,64,64,0.45,444445,200000,3200000,7550068,0.449999,0.423837,7.20
chained-tpht,64,64,0.50,400000,200000,3200000,6848292,0.500000,0.467270,6.53
chained-tpht,64,64,0.55,363637,200000,3200000,6272378,0.549999,0.510173,5.98
chained-tpht,64,64,0.60,333334,200000,3200000,5793721,0.599999,0.552322,5.53
chained-tpht,64,64,0.65,307693,200000,3200000,5389437,0.649999,0.593754,5.14
chained-tpht,64,64,0.70,285715,200000,3200000,5042363,0.699998,0.634623,4.81
chained-tpht,64,64,0.75,266667,200000,3200000,4741057,0.749999,0.674955,4.52
chained-tpht,64,64,0.80,250000,200000,3200000,4215747,0.800000,0.759059,4.02
chained-tpht,64,64,0.85,235295,200000,3200000,3983093,0.849997,0.803396,3.80
chained-tpht,64,64,0.90,222223,200000,3200000,3775230,0.899997,0.847630,3.60
chained-tpht,64,64,0.95,210527,200000,3200000,3590251,0.949997,0.891303,3.42
chained-tpht,64,64,0.99,202021,200000,3200000,3456761,0.989996,0.925722,3.30
flatten-tpht,32,8,0.05,4000000,200000,1000000,17211016,0.050000,0.058102,16.41
flatten-tpht,32,8,0.10,2000000,200000,1000000,8605832,0.100000,0.116200,8.21
flatten-tpht,32,8,0.15,1333334,200000,1000000,5099400,0.150000,0.196102,4.86
flatten-tpht,32,8,0.20,1000000,200000,1000000,4303240,0.200000,0.232383,4.10
flatten-tpht,32,8,0.25,800000,200000,1000000,4314348,0.250000,0.231785,4.11
flatten-tpht,32,8,0.30,666667,200000,1000000,3565200,0.300000,0.280489,3.40
flatten-tpht,32,8,0.35,571429,200000,1000000,2918313,0.350000,0.342664,2.78
flatten-tpht,32,8,0.40,500000,200000,1000000,2526504,0.400000,0.395804,2.41
flatten-tpht,32,8,0.45,444445,200000,1000000,2314705,0.449999,0.432020,2.21
flatten-tpht,32,8,0.50,400000,200000,1000000,2205933,0.500000,0.453323,2.10
flatten-tpht,32,8,0.55,363637,200000,1000000,2151547,0.549999,0.464782,2.05
flatten-tpht,32,8,0.60,333334,200000,1000000,1782796,0.599999,0.560917,1.70
flatten-tpht,32,8,0.65,307693,200000,1000000,1604318,0.649999,0.623318,1.53
flatten-tpht,32,8,0.70,285715,200000,1000000,1459544,0.699998,0.685145,1.39
flatten-tpht,32,8,0.75,266667,200000,1000000,1347325,0.749999,0.742211,1.28
flatten-tpht,32,8,0.80,250000,200000,1000000,1263448,0.800000,0.791485,1.20
flatten-tpht,32,8,0.85,235295,200000,1000000,1202168,0.849997,0.831830,1.15
flatten-tpht,32,8,0.90,222223,200000,1000000,1157740,0.899997,0.863752,1.10
flatten-tpht,32,8,0.95,210527,200000,1000000,1125951,0.949997,0.888138,1.07
flatten-tpht,32,8,0.99,202021,200000,1000000,1107184,0.989996,0.903192,1.06
flatten-tpht,32,16,0.05,4000000,200000,1200000,20209288,0.050000,0.059379,19.27
flatten-tpht,32,16,0.10,2000000,200000,1200000,10104840,0.100000,0.118755,9.64
flatten-tpht,32,16,0.15,1333334,200000,1200000,7130008,0.150000,0.168303,6.80
flatten-tpht,32,16,0.20,1000000,200000,1200000,5052616,0.200000,0.237501,4.82
flatten-tpht,32,16,0.25,800000,200000,1200000,4411474,0.250000,0.272018,4.21
flatten-tpht,32,16,0.30,666667,200000,1200000,4718944,0.300000,0.254294,4.50
flatten-tpht,32,16,0.35,571429,200000,1200000,3867244,0.350000,0.310298,3.69
flatten-tpht,32,16,0.40,500000,200000,1200000,3245554,0.400000,0.369737,3.10
flatten-tpht,32,16,0.45,444445,200000,1200000,2825314,0.449999,0.424732,2.69
flatten-tpht,32,16,0.50,400000,200000,1200000,2552464,0.500000,0.470134,2.43
flatten-tpht,32,16,0.55,363637,200000,1200000,2379064,0.549999,0.504400,2.27
flatten-tpht,32,16,0.60,333334,200000,1200000,2271454,0.599999,0.528296,2.17
flatten-tpht,32,16,0.65,307693,200000,1200000,2205154,0.649999,0.544180,2.10
flatten-tpht,32,16,0.70,285715,200000,1200000,2164354,0.699998,0.554438,2.06
flatten-tpht,32,16,0.75,266667,200000,1200000,1763988,0.749999,0.680277,1.68
flatten-tpht,32,16,0.80,250000,200000,1200000,1623228,0.800000,0.739268,1.55
flatten-tpht,32,16,0.85,235295,200000,1200000,1506948,0.849997,0.796311,1.44
flatten-tpht,32,16,0.90,222223,200000,1200000,1413108,0.899997,0.849192,1.35
flatten-tpht,32,16,0.95,210527,200000,1200000,1337118,0.949997,0.897453,1.28
flatten-tpht,32,16,0.99,202021,200000,1200000,1287648,0.989996,0.931932,1.23
flatten-tpht,32,32,0.05,4000000,200000,1600000,35319314,0.050000,0.045301,33.68
flatten-tpht,32,32,0.10,2000000,200000,1600000,17659853,0.100000,0.090601,16.84
flatten-tpht,32,32,0.15,1333334,200000,1600000,10257958,0.150000,0.155976,9.78
flatten-tpht,32,32,0.20,1000000,200000,1600000,8830441,0.200000,0.181191,8.42
flatten-tpht,32,32,0.25,800000,200000,1600000,6118436,0.250000,0.261505,5.83
flatten-tpht,32,32,0.30,666667,200000,1600000,5129175,0.300000,0.311941,4.89
flatten-tpht,32,32,0.35,571429,200000,1600000,4646329,0.350000,0.344358,4.43
flatten-tpht,32,32,0.40,500000,200000,1600000,4415735,0.400000,0.362341,4.21
flatten-tpht,32,32,0.45,444445,200000,1600000,4213060,0.449999,0.379771,4.02
flatten-tpht,32,32,0.50,400000,200000,1600000,3701180,0.500000,0.432295,3.53
flatten-tpht,32,32,0.55,363637,200000,1600000,3312304,0.549999,0.483047,3.16
flatten-tpht,32,32,0.60,333334,200000,1600000,3016636,0.599999,0.530392,2.88
flatten-tpht,32,32,0.65,307693,200000,1600000,2794312,0.649999,0.572592,2.66
flatten-tpht,32,32,0.70,285715,200000,1600000,2626232,0.699998,0.609238,2.50
flatten-tpht,32,32,0.75,266667,200000,1600000,2500172,0.749999,0.639956,2.38
flatten-tpht,32,32,0.80,250000,200000,1600000,2404672,0.800000,0.665371,2.29
flatten-tpht,32,32,0.85,235295,200000,1600000,2332856,0.849997,0.685855,2.22
flatten-tpht,32,32,0.90,222223,200000,1600000,2279376,0.899997,0.701946,2.17
flatten-tpht,32,32,0.95,210527,200000,1600000,2238120,0.949997,0.714886,2.13
flatten-tpht,32,32,0.99,202021,200000,1600000,2212144,0.989996,0.723280,2.11
flatten-tpht,32,64,0.05,4000000,200000,2400000,52301909,0.050000,0.045887,49.88
flatten-tpht,32,64,0.10,2000000,200000,2400000,26151723,0.100000,0.091772,24.94
flatten-tpht,32,64,0.15,1333334,200000,2400000,19174093,0.150000,0.125169,18.29
flatten-tpht,32,64,0.20,1000000,200000,2400000,13076630,0.200000,0.183534,12.47
flatten-tpht,32,64,0.25,800000,200000,2400000,10721365,0.250000,0.223852,10.22
flatten-tpht,32,64,0.30,666667,200000,2400000,9587815,0.300000,0.250318,9.14
flatten-tpht,32,64,0.35,571429,200000,2400000,9029055,0.350000,0.265809,8.61
flatten-tpht,32,64,0.40,500000,200000,2400000,6538511,0.400000,0.367056,6.24
flatten-tpht,32,64,0.45,444445,200000,2400000,5842351,0.449999,0.410794,5.57
flatten-tpht,32,64,0.50,400000,200000,2400000,5361451,0.500000,0.447640,5.11
flatten-tpht,32,64,0.55,363637,200000,2400000,5027111,0.549999,0.477411,4.79
flatten-tpht,32,64,0.60,333334,200000,2400000,4794676,0.599999,0.500555,4.57
flatten-tpht,32,64,0.65,307693,200000,2400000,4630941,0.649999,0.518253,4.42
flatten-tpht,32,64,0.70,285715,200000,2400000,4515296,0.699998,0.531527,4.31
flatten-tpht,32,64,0.75,266667,200000,2400000,3944488,0.749999,0.608444,3.76
flatten-tpht,32,64,0.80,250000,200000,2400000,3678640,0.800000,0.652415,3.51
flatten-tpht,32,64,0.85,235295,200000,2400000,3453496,0.849997,0.694948,3.29
flatten-tpht,32,64,0.90,222223,200000,2400000,3263968,0.899997,0.735301,3.11
flatten-tpht,32,64,0.95,210527,200000,2400000,3102424,0.949997,0.773589,2.96
flatten-tpht,32,64,0.99,202021,200000,2400000,2990488,0.989996,0.802545,2.85
flatten-tpht,64,8,0.05,4000000,200000,1800000,38465052,0.050000,0.046796,36.68
flatten-tpht,64,8,0.10,2000000,200000,1800000,19233104,0.100000,0.093589,18.34
flatten-tpht,64,8,0.15,1333334,200000,1800000,12065368,0.150000,0.149187,11.51
flatten-tpht,64,8,0.20,1000000,200000,1800000,9616748,0.200000,0.187173,9.17
flatten-tpht,64,8,0.25,800000,200000,1800000,8825244,0.250000,0.203960,8.42
flatten-tpht,64,8,0.30,666667,200000,1800000,6032880,0.300000,0.298365,5.75
flatten-tpht,64,8,0.35,571429,200000,1800000,5251308,0.350000,0.342772,5.01
flatten-tpht,64,8,0.40,500000,200000,1800000,4808952,0.400000,0.374302,4.59
flatten-tpht,64,8,0.45,444445,200000,1800000,4557596,0.449999,0.394945,4.35
flatten-tpht,64,8,0.50,400000,200000,1800000,4413200,0.500000,0.407867,4.21
flatten-tpht,64,8,0.55,363637,200000,1800000,3849250,0.549999,0.467624,3.67
flatten-tpht,64,8,0.60,333334,200000,1800000,3482158,0.599999,0.516921,3.32
flatten-tpht,64,8,0.65,307693,200000,1800000,3193474,0.649999,0.563649,3.05
flatten-tpht,64,8,0.70,285715,200000,1800000,2966269,0.699998,0.606823,2.83
flatten-tpht,64,8,0.75,266667,200000,1800000,2788069,0.749999,0.645608,2.66
flatten-tpht,64,8,0.80,250000,200000,1800000,2647291,0.800000,0.679940,2.52
flatten-tpht,64,8,0.85,235295,200000,1800000,2536807,0.849997,0.709553,2.42
flatten-tpht,64,8,0.90,222223,200000,1800000,2450380,0.899997,0.734580,2.34
flatten-tpht,64,8,0.95,210527,200000,1800000,2380882,0.949997,0.756022,2.27
flatten-tpht,64,8,0.99,202021,200000,1800000,2336332,0.989996,0.770438,2.23
flatten-tpht,64,16,0.05,4000000,200000,2000000,42349885,0.050000,0.047226,40.39
flatten-tpht,64,16,0.10,2000000,200000,2000000,21175584,0.100000,0.094448,20.19
flatten-tpht,64,16,0.15,1333334,200000,2000000,17585745,0.150000,0.113728,16.77
flatten-tpht,64,16,0.20,1000000,200000,2000000,10587988,0.200000,0.188893,10.10
flatten-tpht,64,16,0.25,800000,200000,2000000,9304057,0.250000,0.214960,8.87
flatten-tpht,64,16,0.30,666667,200000,2000000,8793514,0.300000,0.227440,8.39
flatten-tpht,64,16,0.35,571429,200000,2000000,5932146,0.350000,0.337146,5.66
flatten-tpht,64,16,0.40,500000,200000,2000000,5294190,0.400000,0.377773,5.05
flatten-tpht,64,16,0.45,444445,200000,2000000,4899477,0.449999,0.408207,4.67
flatten-tpht,64,16,0.50,400000,200000,2000000,4652670,0.500000,0.429861,4.44
flatten-tpht,64,16,0.55,363637,200000,2000000,4496745,0.549999,0.444766,4.29
flatten-tpht,64,16,0.60,333334,200000,2000000,4396953,0.599999,0.454860,4.19
flatten-tpht,64,16,0.65,307693,200000,2000000,3671372,0.649999,0.544755,3.50
flatten-tpht,64,16,0.70,285715,200000,2000000,3390404,0.699998,0.589900,3.23
flatten-tpht,64,16,0.75,266667,200000,2000000,3162372,0.749999,0.632437,3.02
flatten-tpht,64,16,0.80,250000,200000,2000000,2977096,0.800000,0.671796,2.84
flatten-tpht,64,16,0.85,235295,200000,2000000,2826432,0.849997,0.707606,2.70
flatten-tpht,64,16,0.90,222223,200000,2000000,2704272,0.899997,0.739571,2.58
flatten-tpht,64,16,0.95,210527,200000,2000000,2603490,0.949997,0.768200,2.48
flatten-tpht,64,16,0.99,202021,200000,2000000,2536302,0.989996,0.788550,2.42
flatten-tpht,64,32,0.05,4000000,200000,2400000,52301909,0.050000,0.045887,49.88
flatten-tpht,64,32,0.10,2000000,200000,2400000,26151723,0.100000,0.091772,24.94
flatten-tpht,64,32,0.15,1333334,200000,2400000,19174093,0.150000,0.125169,18.29
flatten-tpht,64,32,0.20,1000000,200000,2400000,13076630,0.200000,0.183534,12.47
flatten-tpht,64,32,0.25,800000,200000,2400000,10721365,0.250000,0.223852,10.22
flatten-tpht,64,32,0.30,666667,200000,2400000,9587815,0.300000,0.250318,9.14
flatten-tpht,64,32,0.35,571429,200000,2400000,9029055,0.350000,0.265809,8.61
flatten-tpht,64,32,0.40,500000,200000,2400000,6538511,0.400000,0.367056,6.24
flatten-tpht,64,32,0.45,444445,200000,2400000,5842351,0.449999,0.410794,5.57
flatten-tpht,64,32,0.50,400000,200000,2400000,5361451,0.500000,0.447640,5.11
flatten-tpht,64,32,0.55,363637,200000,2400000,5027111,0.549999,0.477411,4.79
flatten-tpht,64,32,0.60,333334,200000,2400000,4794676,0.599999,0.500555,4.57
flatten-tpht,64,32,0.65,307693,200000,2400000,4630941,0.649999,0.518253,4.42
flatten-tpht,64,32,0.70,285715,200000,2400000,4515296,0.699998,0.531527,4.31
flatten-tpht,64,32,0.75,266667,200000,2400000,3944488,0.749999,0.608444,3.76
flatten-tpht,64,32,0.80,250000,200000,2400000,3678640,0.800000,0.652415,3.51
flatten-tpht,64,32,0.85,235295,200000,2400000,3453496,0.849997,0.694948,3.29
flatten-tpht,64,32,0.90,222223,200000,2400000,3263968,0.899997,0.735301,3.11
flatten-tpht,64,32,0.95,210527,200000,2400000,3102424,0.949997,0.773589,2.96
flatten-tpht,64,32,0.99,202021,200000,2400000,2990488,0.989996,0.802545,2.85
flatten-tpht,64,64,0.05,4000000,200000,3200000,81865587,0.050000,0.039088,78.07
flatten-tpht,64,64,0.10,2000000,200000,3200000,40933816,0.100000,0.078175,39.04
flatten-tpht,64,64,0.15,1333334,200000,3200000,25193031,0.150000,0.127019,24.03
flatten-tpht,64,64,0.20,1000000,200000,3200000,20467104,0.200000,0.156348,19.52
flatten-tpht,64,64,0.25,800000,200000,3200000,18574419,0.250000,0.172280,17.71
flatten-tpht,64,64,0.30,666667,200000,3200000,12597538,0.300000,0.254018,12.01
flatten-tpht,64,64,0.35,571429,200000,3200000,11136286,0.350000,0.287349,10.62
flatten-tpht,64,64,0.40,500000,200000,3200000,10233748,0.400000,0.312691,9.76
flatten-tpht,64,64,0.45,444445,200000,3200000,9661810,0.449999,0.331201,9.21
flatten-tpht,64,64,0.50,400000,200000,3200000,9288232,0.500000,0.344522,8.86
flatten-tpht,64,64,0.55,363637,200000,3200000,6829578,0.549999,0.468550,6.51
flatten-tpht,64,64,0.60,333334,200000,3200000,6298965,0.599999,0.508020,6.01
flatten-tpht,64,64,0.65,307693,200000,3200000,5889021,0.649999,0.543384,5.62
flatten-tpht,64,64,0.70,285715,200000,3200000,5568339,0.699998,0.574678,5.31
flatten-tpht,64,64,0.75,266667,200000,3200000,5317083,0.749999,0.601834,5.07
flatten-tpht,64,64,0.80,250000,200000,3200000,5117070,0.800000,0.625358,4.88
flatten-tpht,64,64,0.85,235295,200000,3200000,4958382,0.849997,0.645372,4.73
flatten-tpht,64,64,0.90,222223,200000,3200000,4831101,0.899997,0.662375,4.61
flatten-tpht,64,64,0.95,210527,200000,3200000,4728615,0.949997,0.676731,4.51
flatten-tpht,64,64,0.99,202021,200000,3200000,4660842,0.989996,0.686571,4.44
